{
  "accuracy": 0.6666666666666666,
  "total_matches": 9,
  "correct_predictions": 6,
  "week": 2,
  "timestamp": "2025-07-10T21:24:39.891658"
}
