{
  "accuracy": 0.45454545454545453,
  "total_matches": 11,
  "correct_predictions": 5,
  "week": 8,
  "timestamp": "2025-07-11T00:28:00.715797"
}
