{
  "accuracy": 0.7777777777777778,
  "total_matches": 9,
  "correct_predictions": 7,
  "week": 2,
  "timestamp": "2025-07-11T00:29:58.927487"
}
