{
  "accuracy": 0.5454545454545454,
  "total_matches": 11,
  "correct_predictions": 6,
  "week": 31,
  "timestamp": "2025-07-11T11:18:05.560497"
}
