{
  "accuracy": 0.7692307692307693,
  "total_matches": 13,
  "correct_predictions": 10,
  "week": 37,
  "timestamp": "2025-07-11T11:17:38.225027"
}
