{
  "accuracy": 0.6923076923076923,
  "total_matches": 13,
  "correct_predictions": 9,
  "week": 40,
  "timestamp": "2025-07-11T11:18:08.349659"
}
