{
  "accuracy": 0.4444444444444444,
  "total_matches": 18,
  "correct_predictions": 8,
  "week": 20,
  "timestamp": "2025-07-11T11:14:14.226891"
}
