{
  "accuracy": 0.6666666666666666,
  "total_matches": 9,
  "correct_predictions": 6,
  "week": 2,
  "timestamp": "2025-07-11T11:09:59.374065"
}
