{
  "accuracy": 0.5833333333333334,
  "total_matches": 12,
  "correct_predictions": 7,
  "week": 28,
  "timestamp": "2025-07-11T11:15:51.308392"
}
