{
  "accuracy": 0.6363636363636364,
  "total_matches": 11,
  "correct_predictions": 7,
  "week": 38,
  "timestamp": "2025-07-11T11:17:48.268815"
}
